<?xml version="1.0" encoding="UTF-8"?>
<instructionals module="QtScript">
    <examples>
        <example name="Context2D Example" docUrl="qthelp://org.qt-project.qtscript.561/qtscript/qtscript-script-context2d-example.html" projectPath="script/context2d/context2d.pro" imageUrl="qthelp://org.qt-project.qtscript.561/qtscript/images/context2d-example.png">
            <description><![CDATA[No description available]]></description>
            <tags>script,context2d</tags>
            <fileToOpen>script/context2d/main.cpp</fileToOpen>
            <fileToOpen>script/context2d/context2d.h</fileToOpen>
            <fileToOpen mainFile="true">script/context2d/context2d.cpp</fileToOpen>
        </example>
        <example name="Default Prototypes Example" docUrl="qthelp://org.qt-project.qtscript.561/qtscript/qtscript-script-defaultprototypes-example.html" projectPath="script/defaultprototypes/defaultprototypes.pro" imageUrl="qthelp://org.qt-project.qtscript.561/qtscript/images/defaultprototypes-example.png">
            <description><![CDATA[No description available]]></description>
            <tags>prototypes,script,default</tags>
            <fileToOpen mainFile="true">script/defaultprototypes/main.cpp</fileToOpen>
        </example>
        <example name="Hello Script Example" docUrl="qthelp://org.qt-project.qtscript.561/qtscript/qtscript-script-helloscript-example.html" projectPath="script/helloscript/helloscript.pro">
            <description><![CDATA[No description available]]></description>
            <tags>hello,script</tags>
            <fileToOpen mainFile="true">script/helloscript/main.cpp</fileToOpen>
        </example>
    </examples>
</instructionals>
