<?xml version="1.0" encoding="UTF-8"?>
<instructionals module="QtXml">
    <examples>
        <example name="DOM Bookmarks Example" docUrl="qthelp://org.qt-project.qtxml.561/qtxml/qtxml-dombookmarks-example.html" projectPath="xml/dombookmarks/dombookmarks.pro" imageUrl="qthelp://org.qt-project.qtxml.561/qtxml/images/dombookmarks-example.png">
            <description><![CDATA[Provides a reader for XML Bookmark Exchange Language files]]></description>
            <tags>dom,bookmarks,xml</tags>
            <fileToOpen mainFile="true">xml/dombookmarks/main.cpp</fileToOpen>
        </example>
        <example name="QXmlStream Bookmarks Example" docUrl="qthelp://org.qt-project.qtxml.561/qtxml/qtxml-streambookmarks-example.html" projectPath="xml/streambookmarks/streambookmarks.pro" imageUrl="qthelp://org.qt-project.qtxml.561/qtxml/images/xmlstreamexample-screenshot.png">
            <description><![CDATA[Demonstrates how to read and write to XBEL files]]></description>
            <tags>bookmarks,qxmlstream,xml</tags>
            <fileToOpen mainFile="true">xml/streambookmarks/main.cpp</fileToOpen>
        </example>
        <example name="SAX Bookmarks Example" docUrl="qthelp://org.qt-project.qtxml.561/qtxml/qtxml-saxbookmarks-example.html" projectPath="xml/saxbookmarks/saxbookmarks.pro" imageUrl="qthelp://org.qt-project.qtxml.561/qtxml/images/saxbookmarks-example.png">
            <description><![CDATA[Demonstrates how to read XBEL files]]></description>
            <tags>sax,bookmarks,xml</tags>
            <fileToOpen mainFile="true">xml/saxbookmarks/main.cpp</fileToOpen>
        </example>
        <example name="XML Stream Lint Example" docUrl="qthelp://org.qt-project.qtxml.561/qtxml/qtxml-xmlstreamlint-example.html" projectPath="xml/xmlstreamlint/xmlstreamlint.pro" imageUrl="qthelp://org.qt-project.qtdoc.561/qtdoc/images/qt-codesample.png">
            <description><![CDATA[A commandline tool reading from an input file and writing to the standard output file.]]></description>
            <tags>lint,stream,xml</tags>
            <fileToOpen mainFile="true">xml/xmlstreamlint/main.cpp</fileToOpen>
        </example>
    </examples>
</instructionals>
